alias Matt Matt Kell <mdkell@gmail.com>
alias Dad Ronald Kell <tangentair@yahoo.com>
alias Pooja Pooja Bag <bag.pooja@gmail.com>
alias sharps Sam Sharps <sharps2@illinois.edu>
alias sigpony Sigpony Mailing-List <sigpony-l@acm.uiuc.edu>
alias jiang David Jiang <djiang7@illinois.edu>
alias jordan Jordan Hui <jhui4@illinois.edu>
alias whitney Whitney Merrill <wmerril2@illinois.edu>
alias Jon_Schipp Jon Schipp <jschipp@illinois.edu>
alias wayland Wayland Morgan <waylandm@illinois.edu>
